Section,Subsection,Title,Details
Nearby Gyms,Premium Gyms,Fitthenics Club Haripur,"Location: Jahaz Chowk, Haripur; Facilities: Gym, Cardio, Boxing, Karate, Gaming, Snooker, Table Tennis; Special Features: Separate gym area for females; Contact: +92 335 4455789; Facebook: https://www.facebook.com/fitthenicsharipur/"
Nearby Gyms,Budget-Friendly Gyms,My Gym Haripur,"Location: Haripur; Facilities: Fitness and slimming center with electric machines; Special Features: Separate sections for ladies and gents; Facebook: https://www.facebook.com/p/My-Gym-100064243145046/"
Nearby Gyms,Budget-Friendly Gyms,Welfare Club Gym,"Location: Haripur; Facilities: General fitness equipment; Note: Community-focused gym"
Nearby Gyms,Budget-Friendly Gyms,Hazara Gym,"Location: Haripur; Facilities: Standard gym equipment; Note: Popular among locals"
Nearby Gyms,Budget-Friendly Gyms,Curves Club,"Location: Haripur; Facilities: Fitness center; Note: Details limited; recommend contacting directly"
Nearby Gyms,Additional Fitness Facilities,Gadwal Ground,"Location: Haripur; Facilities: Open ground suitable for jogging and outdoor exercises"
Nearby Gyms,Additional Fitness Facilities,Jogging Track East Park,"Location: Haripur; Facilities: Dedicated jogging track"
Gym Pro Tips,Warm-Up & Cool-Down,Warm-Up,"Engage in dynamic movements like arm circles, leg swings, or light cardio for 5–10 minutes to prepare your body for exercise and reduce injury risk."
Gym Pro Tips,Warm-Up & Cool-Down,Cool-Down,"After your workout, perform static stretches and light activities to aid recovery and prevent muscle soreness."
Gym Pro Tips,Master Proper Form,Technique Over Weight,"Prioritize correct form over lifting heavier weights to prevent injuries."
Gym Pro Tips,Master Proper Form,Seek Guidance,"Consider working with a trainer or using instructional videos to learn proper techniques."
Gym Pro Tips,Prioritize Rest and Recovery,Rest Days,"Incorporate at least one or two rest days per week to allow muscles to recover and grow."
Gym Pro Tips,Prioritize Rest and Recovery,Sleep & Hydration,"Ensure adequate sleep and stay hydrated to support overall recovery."
Gym Pro Tips,Nutrition and Hydration,Balanced Diet,"Consume a diet rich in carbohydrates, proteins, and healthy fats to fuel workouts and aid recovery."
Gym Pro Tips,Nutrition and Hydration,Stay Hydrated,"Drink sufficient water throughout the day, especially before, during, and after workouts."
Gym Pro Tips,Structured Workout Plan,Variety,"Incorporate a mix of cardio, strength training, and flexibility exercises to target different muscle groups and prevent plateaus."
Gym Pro Tips,Structured Workout Plan,Progressive Overload,"Gradually increase the intensity or volume of your workouts to continue making gains."
Gym Pro Tips,Common Mistakes to Avoid,Skipping Warm-Up/Cool-Down,"Neglecting these can increase injury risk and delay recovery."
Gym Pro Tips,Common Mistakes to Avoid,Overtraining,"Avoid working the same muscle groups on consecutive days to prevent overuse injuries."
Gym Pro Tips,Common Mistakes to Avoid,Improper Form,"Using incorrect techniques can lead to injuries and hinder progress."
Gym Pro Tips,Common Mistakes to Avoid,Neglecting Strength Training,"Incorporate resistance exercises to build muscle and boost metabolism."
Gym Pro Tips,Common Mistakes to Avoid,Not Stretching,"Regular stretching improves flexibility and reduces muscle tightness."
Gym Pro Tips,Common Mistakes to Avoid,Inadequate Rest,"Ensure sufficient rest between workouts to allow for muscle recovery."
Comprehensive Diet Guide by Age Group,Under 12 Years (Kids),No formal diet plans needed!,"Children under 12 are still growing — they need good, healthy, balanced meals — not calorie restriction or “diets.” Focus on: Whole grains (oats, brown bread, whole wheat roti); Fruits and vegetables (aim for a colorful plate); Milk or dairy (for calcium); Eggs, fish, chicken (for protein); Nuts, seeds (healthy fats); Water over sugary drinks; Avoid: junk food excess, sugary drinks, and too many packaged snacks."
Comprehensive Diet Guide by Age Group,12–19 Years (Teens),Goal: Support growth, sports, school, and hormonal changes.,"Example Day: Breakfast: Eggs + whole wheat toast + banana; Lunch: Chicken wrap or daal + roti + salad; Snack: Nuts + yogurt or peanut butter toast; Dinner: Grilled fish/chicken + rice/quinoa + vegetables; Drinks: Water, milk; limit sodas and energy drinks; Tips: Don’t skip meals; Include iron-rich foods (meat, beans, spinach); Stay hydrated"
Comprehensive Diet Guide by Age Group,20–40 Years (Young Adults),Goal: Build or maintain lean muscle, manage weight, stay energized.,"Example Day: Breakfast: Oats + berries + nuts; Lunch: Grilled chicken/fish + brown rice + vegetables; Snack: Protein shake or boiled eggs + almonds; Dinner: Stir-fry tofu/chicken + veggies + quinoa; Drinks: Water, green tea; Tips: Focus on protein at every meal; Add strength training + cardio to routine; Limit processed foods and alcohol"
Comprehensive Diet Guide by Age Group,40–60 Years (Middle Age),Goal: Support metabolism, heart health, joint health.,"Example Day: Breakfast: Greek yogurt + flaxseed + fruit; Lunch: Grilled fish or lentils + whole wheat roti + salad; Snack: Cottage cheese + walnuts or a handful of trail mix; Dinner: Chicken or tofu + sweet potatoes + steamed greens; Drinks: Water, herbal teas; Tips: Include omega-3s (fish, walnuts, flaxseeds); Watch salt and sugar intake; Stay active: walking, yoga, light gym work"
Comprehensive Diet Guide by Age Group,60+ Years (Seniors),Goal: Preserve muscle, bone health, prevent chronic disease.,"Example Day: Breakfast: Scrambled eggs + avocado toast; Lunch: Soft lentil soup or fish + mashed potatoes + vegetables; Snack: Smoothie with yogurt + banana; Dinner: Tofu stir-fry + brown rice; Drinks: Water, warm milk, herbal teas; Tips: Include calcium + vitamin D (dairy, sunlight, fortified foods); Eat smaller, more frequent meals if appetite is low; Stay hydrated, even if thirst decreases"
Comprehensive Diet Guide by Age Group,Bonus Notes (All Ages),,"Choose natural, whole foods over processed; Drink enough water; Practice mindful eating — avoid eating in front of screens; Adjust portions and calories based on activity level."
7-day workout plan,Beginner Level (3–4 Days/Week),Monday,"Full Body Strength: Bodyweight Squats – 3 sets of 12 reps; Incline Push-Ups – 3 sets of 10 reps; Glute Bridges – 3 sets of 15 reps; Plank – 3 sets of 20 seconds"
7-day workout plan,Beginner Level (3–4 Days/Week),Tuesday,"Active Recovery: 30-minute brisk walk or light yoga session"
7-day workout plan,Beginner Level (3–4 Days/Week),Wednesday,"Upper Body Focus: Wall Push-Ups – 3 sets of 12 reps; Dumbbell Shoulder Press – 3 sets of 10 reps; Resistance Band Rows – 3 sets of 12 reps; Bicep Curls with Light Dumbbells – 3 sets of 15 reps"
7-day workout plan,Beginner Level (3–4 Days/Week),Thursday,"Rest Day"
7-day workout plan,Beginner Level (3–4 Days/Week),Friday,"Lower Body Focus: Bodyweight Lunges – 3 sets of 10 reps per leg; Step-Ups – 3 sets of 12 reps per leg; Calf Raises – 3 sets of 15 reps; Side-Lying Leg Raises – 3 sets of 12 reps per leg"
7-day workout plan,Beginner Level (3–4 Days/Week),Saturday,"Core & Stability: Bird-Dog – 3 sets of 10 reps per side; Dead Bug – 3 sets of 10 reps; Side Plank – 2 sets of 15 seconds per side; Seated Russian Twists – 3 sets of 12 reps"
7-day workout plan,Beginner Level (3–4 Days/Week),Sunday,"Rest Day"
7-day workout plan,Intermediate Level (5–6 Days/Week),Monday,"Upper Body Strength: Dumbbell Bench Press – 4 sets of 8 reps; One-Arm Dumbbell Row – 4 sets of 10 reps per arm; Overhead Dumbbell Press – 3 sets of 12 reps; Plank with Shoulder Taps – 3 sets of 20 taps"
7-day workout plan,Intermediate Level (5–6 Days/Week),Tuesday,"Lower Body Strength: Goblet Squats – 4 sets of 10 reps; Romanian Deadlifts with Dumbbells – 4 sets of 8 reps; Walking Lunges – 3 sets of 12 reps per leg; Calf Raises – 3 sets of 15 reps"
7-day workout plan,Intermediate Level (5–6 Days/Week),Wednesday,"Active Recovery: 30–45 minutes of moderate-intensity cardio (e.g., cycling, swimming)"
7-day workout plan,Intermediate Level (5–6 Days/Week),Thursday,"Full Body Circuit: Circuit (3 rounds): Jump Squats – 15 reps; Push-Ups – 12 reps; Mountain Climbers – 20 reps; Dumbbell Rows – 10 reps per arm; Plank – 30 seconds"
7-day workout plan,Intermediate Level (5–6 Days/Week),Friday,"Core & Stability: Stability Ball Rollouts – 3 sets of 12 reps; Russian Twists with Medicine Ball – 3 sets of 20 reps; Leg Raises – 3 sets of 15 reps; Bicycle Crunches – 3 sets of 20 reps"
7-day workout plan,Intermediate Level (5–6 Days/Week),Saturday,"Optional Cardio or Rest: Option 1: 30-minute jog or HIIT session; Option 2: Rest Day"
7-day workout plan,Intermediate Level (5–6 Days/Week),Sunday,"Rest Day"
7-day workout plan,Advanced Level (6–7 Days/Week),Monday,"Chest & Triceps: Barbell Bench Press – 5 sets of 5 reps; Incline Dumbbell Press – 4 sets of 8 reps; Chest Fly Machine – 3 sets of 12 reps; Tricep Dips – 3 sets of 10 reps; Overhead Tricep Extension – 3 sets of 12 reps"
7-day workout plan,Advanced Level (6–7 Days/Week),Tuesday,"Back & Biceps: Deadlifts
::contentReference[oaicite:0]{index=0}
 
